{
    "accuracy": 0.7892376681614349,
    "precision": 0.7333333333333333,
    "recall": 0.7415730337078652,
    "auc": 0.8496562133154452
}