{
    "accuracy": 0.8116591928251121,
    "precision": 0.7831325301204819,
    "recall": 0.7303370786516854,
    "auc": 0.8782911286265302
}